,feature,coefficient estimate,standard error,Z stats,P value,95%CI low,95%CI up
0,Pressure(hPa),0.41551368289871227,0.07523452244517592,5.522912479460488,3.3342584636929604e-08,0.26805672851209716,0.5629706372853274
1,press_cut1,759.2660672146429,117.39819609883058,6.467442366622583,9.967553712764865e-11,529.1698310109643,989.3623034183215
2,press_cut2,-629.2071737843581,119.23427532876283,-5.277066280223995,1.3126841764287608e-07,-862.902059151466,-395.51228841725026
3,press_inter1,-0.8628221134405589,0.1335635381329883,-6.460012406840053,1.0469439736684702e-10,-1.1246018378289582,-0.6010423890521597
4,press_inter2,0.7119545803377785,0.1351921171508881,5.266243293927892,1.392437242430237e-07,0.44698289972831806,0.9769262609472389
5,RH(%),0.16254160186815203,0.12096218606760714,1.3437389580352466,0.17903281474585708,-0.07453992631559067,0.39962313005189476
6,rh_cut1,24.911800977441736,7.812202788766857,3.1888318379628267,0.001428489502070554,9.600164871535323,40.223437083348145
7,rh_cut2,5.370720991057322,6.605254249523328,0.8130982984409576,0.41616170196097524,-7.575339446738544,18.31678142885319
8,rh_inter1,-0.3245032472956634,0.10502851867169972,-3.089667943523056,0.00200380383552287,-0.5303553612417875,-0.1186511333495393
9,rh_inter2,-0.041990968675029994,0.08284369636733387,-0.5068698104541297,0.6122461695111545,-0.20436162990117607,0.12037969255111608
10,WindSpeed(m/s),5.748659116356265,1.1105121667878515,5.176583641568035,2.2598576451542944e-07,3.5720952650585387,7.925222967653991
11,wind_cut1,13.335763293118347,3.761527952958101,3.54530484949101,0.00039215925313359427,5.963303978479795,20.708222607756902
12,wind_cut2,-0.18601779702961352,2.5277020821554093,-0.07359166190621379,0.941335305984305,-5.140222841701121,4.768187247641894
13,wind_inter1,-5.585107541970537,1.562204413894223,-3.5751451553309366,0.0003500336363314025,-8.646971929692718,-2.5232431542483553
14,wind_inter2,-0.37623724960706895,0.9300857892224349,-0.40451886693334893,0.6858312068146081,-2.1991718990155533,1.4466973998014154
15,temperature_mean,0.6407943304683599,1.3835836571807845,0.46314100859940355,0.6432632972015833,-2.0709798072041905,3.3525684681409103
16,temp_mean_cut1,12.381174222976743,3.877898547346329,3.192753516321168,0.0014092318099748259,4.780632734477743,19.981715711475744
17,temp_mean_cut2,-33.019468111566965,11.615145223850066,-2.842794254846348,0.0044719928790299445,-55.784734425515516,-10.254201797618414
18,temp_mean_cut3,35.392408584714644,6.059970374027523,5.84036000182497,5.2088141066874905e-09,23.51508490424098,47.26973226518831
19,temp_mean_inter1,-2.2610274308193503,0.6607782782050792,-3.4217641611360863,0.0006221625451410461,-3.5561290578676936,-0.965925803771007
20,temp_mean_inter2,3.3637517665669296,1.1597551543321072,2.900398203881305,0.0037268886940401667,1.0906734331913075,5.636830099942552
21,temp_mean_inter3,-2.202241481697807,0.3895401199625325,-5.653439450369392,1.5726852983025376e-08,-2.965726087357783,-1.4387568760378309
22,temperature_min,-0.6708113044222372,0.8126754692746431,-0.8254356502491366,0.40912430207464234,-2.263625955319725,0.9220033464752504
23,temp_min_cut1,2.1401634972710397,4.273313818760458,0.5008205781366715,0.6164974018122679,-6.235377682136781,10.51570467667886
24,temp_min_cut2,-6.094056682785094,4.51333260294932,-1.350234343199706,0.1769408252804543,-14.940026034816178,2.751912669245989
25,temp_min_cut3,-20.91696253116396,3.5281962225019754,-5.92851451905103,3.0568738878005455e-09,-27.8321000576581,-14.001825004669822
26,temp_min_inter1,-0.0677198296121233,0.623911133058187,-0.10854082580669007,0.9135666974793882,-1.2905631799597475,1.1551235207355008
27,temp_min_inter2,0.3428674674238543,0.47564451282355025,0.7208481506251452,0.4710029465587138,-0.589378647154404,1.2751135820021127
28,temp_min_inter3,1.4329844370686413,0.23651584578565565,6.058724870245246,1.3720483911644975e-09,0.9694218975557267,1.896546976581556
29,temperature_max,0.40910351872357875,0.34232137454702677,1.1950861066298322,0.23205338960222743,-0.26183404652684006,1.0800410839739976
30,temp_max_cut1,-389.37301277460597,62.59992372676097,-6.2200237571240375,4.970796115254927e-10,-512.0666087140119,-266.6794168352001
31,temp_max_cut2,-13.35162909437217,5.132538520535447,-2.601369486259457,0.009285238835408473,-23.411219743886136,-3.2920384448582016
32,temp_max_cut3,40.67342011377215,5.838663262689511,6.96622125370464,3.2556699846391942e-12,29.229850401043585,52.11698982650072
33,temp_max_inter1,0.4091035187225813,0.3423213745470251,1.1950861066269243,0.23205338960336352,-0.26183404652783426,1.080041083972997
34,temp_max_inter2,1.2733769854091772,0.5174390630070774,2.460921635890795,0.013858063119055625,0.2592150577211536,2.287538913097201
35,temp_max_inter3,-2.639002541180867,0.4132837913959453,-6.385448924254033,1.7089537732926303e-10,-3.449023887711084,-1.8289811946506496
36,petPM(mm),-0.1967465320606444,0.03656684441632138,-5.380462416188908,7.429474941824963e-08,-0.2684162301449139,-0.12507683397637492
37,petPM_cut1,21.48930790687774,20.57200124040468,1.0445900549855798,0.2962124779250208,-18.83107361422875,61.80968942798423
38,petPM_cut2,-45.05328757429491,20.983951800386976,-2.1470354108163776,0.03179046261188004,-86.18107735637781,-3.9254977922120133
39,petPM_inter1,-0.28148298735450017,0.27048609405865687,-1.040656039394981,0.2980352126641578,-0.8116259900283811,0.24866001531938076
40,petPM_inter2,0.5846497509797495,0.2742988535475021,2.13143344719996,0.03305344983585308,0.04703387702601847,1.1222656249334806
41,precipitation(mm),0.027697157280428042,0.008001289748978546,3.4615865878327794,0.0005370013465469748,0.012014917542560562,0.04337939701829552
42,precip_sq,-0.00017410657006257824,4.483657319273203e-05,-3.883137306550465,0.00010311729920090018,-0.0002619846387105271,-8.62285014146294e-05
43,precip_cut,-7.509931913332297,1.6335028104699565,-4.597440460584026,4.277127973690346e-06,-10.71153859049837,-4.308325236166224
44,precip_inter,0.049712615065348686,0.011797637159787705,4.213777249803405,2.5113497280347534e-05,0.02658967112949337,0.072835559001204
45,precipitation(mm)_lag1,0.011673617983627328,0.005075869168909606,2.2998264130072217,0.021458056417349887,0.0017250972223272435,0.02162213874492741
46,precip_lag1_sq,-3.622747298726812e-05,2.669471373279755e-05,-1.3571028837353092,0.17474852232415672,-8.85481504811581e-05,1.6093204506621866e-05
47,precip_lag1_cut,0.7620377002909908,1.0900098506665257,0.6991108381497796,0.4844827657885574,-1.374342349809282,2.8984177503912636
48,precip_lag1_inter,-0.00026920559530541066,0.009737313410174772,-0.02764680399668668,0.9779438517252312,-0.019353989185426856,0.018815577994816035
