,index,PDP,PDP 95CI,RR,RR 95CI
0,7.756625,0.046752118801158836,[-0.10258711  0.19609135],1.0478622315378276,[0.90249953 1.21663804]
1,10.766275252525253,0.047038539063654364,[-0.09719209  0.19126917],1.0481624034988577,[0.90738169 1.21078532]
2,13.775925505050505,0.038728930623886035,[-0.09521349  0.17267135],1.039488671910845,[0.90917881 1.18847545]
3,16.785575757575756,0.02040949202011269,[-0.10381404  0.14463302],1.0206191898816568,[0.90139291 1.15561541]
4,19.79522601010101,-0.009333578209406942,[-0.12837321  0.10970605],0.9907098444304747,[0.87952507 1.11594999]
5,22.804876262626262,-0.05191408152641397,[-0.1703825   0.06655433],0.9494104352341255,[0.84334218 1.06881903]
6,25.814526515151513,-0.10873816097604767,[-0.22771727  0.01024095],0.8969652472579575,[0.79634938 1.01029357]
7,28.824176767676768,-0.17897343279519776,[-0.29669825 -0.06124861],0.8361281126887724,[0.74326826 0.94058937]
8,31.83382702020202,-0.25645073142941854,[-0.37277364 -0.14012782],0.7737931173011534,[0.68882114 0.86924712]
9,34.84347727272727,-0.33422256928145705,[-0.45143679 -0.21700835],0.7158944283857064,[0.63671267 0.80492325]
10,37.853127525252525,-0.4053414587540606,[-0.52634855 -0.28433436],0.6667491046660002,[0.59075816 0.75251499]
11,40.86277777777778,-0.4628599122499761,[-0.58875971 -0.33696012],0.6294808088820033,[0.55501524 0.71393731]
12,43.87242803030303,-0.4998987266440349,[-0.62901556 -0.3707819 ],0.6065920882185212,[0.53311637 0.69019446]
13,46.88207828282828,-0.5131519367183616,[-0.64372717 -0.3825767 ],0.5986058344899567,[0.52533077 0.68210157]
14,49.891728535353536,-0.5045702170783524,[-0.63794009 -0.37120034],0.6037650075622354,[0.52837972 0.68990571]
15,52.901378787878784,-0.4765250137754461,[-0.61565773 -0.3373923 ],0.6209373959684845,[0.54028542 0.71362883]
16,55.91102904040404,-0.4313877728610802,[-0.57797469 -0.28480085],0.6496069619782299,[0.56103348 0.75216403]
17,58.92067929292929,-0.3715299403866932,[-0.52376016 -0.21929972],0.689678356283321,[0.59228925 0.80308098]
18,61.93032954545454,-0.29943553901951553,[-0.45151717 -0.14735391],0.7412365017014759,[0.6366615 0.8629885]
19,64.93997979797979,-0.2198524778294011,[-0.36548762 -0.07421734],0.8026371960104541,[0.69385823 0.92846988]
20,67.94963005050505,-0.13962530883902938,[-0.27571479 -0.00353583],0.8696840372790574,[0.75902939 0.99647041]
21,70.9592803030303,-0.06567765022647937,[-0.19277081  0.06141551],0.9364326745053225,[0.82467096 1.06334065]
22,73.96893055555556,-0.004933120169828898,[-0.12628376  0.11641752],0.99507902768366,[0.88136472 1.12346484]
23,76.9785808080808,0.03568466315284313,[-0.08372546  0.15509479],1.0363290022404306,[0.91968371 1.16776864]
24,79.98823106060605,0.05036771318456227,[-0.06948291  0.17021833],1.0516577337001751,[0.93287608 1.18556367]
25,82.99788131313132,0.044591546749156226,[-0.07722488  0.16640797],1.0456006936735216,[0.92568167 1.18105484]
26,86.00753156565656,0.030383433963831787,[-0.09494453  0.1557114 ],1.030849720979241,[0.90942338 1.16848892]
27,89.01718181818181,0.01985134746468324,[-0.1099534   0.14965609],1.0200496957824572,[0.89587588 1.16143475]
28,92.02683207070707,0.025103259887805145,[-0.10862873  0.15883525],1.025420999915192,[0.89706341 1.17214482]
29,95.03648232323232,0.05824714386929193,[-0.07692038  0.19341466],1.059976930141085,[0.92596358 1.21338584]
30,98.04613257575757,0.1282096714069215,[-0.00491051  0.26132986],1.1367913303485506,[0.99510152 1.29865597]
31,101.05578282828283,0.22575535132837662,[0.09591631 0.3555944 ],1.2532690171689531,[1.10066694 1.42702862]
32,104.06543308080808,0.335213510399771,[0.20720928 0.46321774],1.3982388918989779,[1.23024001 1.58917933]
33,107.07508333333332,0.44090593452644944,[0.31253372 0.56927815],1.5541145069493962,[1.36688403 1.76699109]
34,110.08473358585859,0.5271544096137549,[0.39787281 0.65643601],1.6941047151086779,[1.48865468 1.92790902]
35,113.09438383838383,0.5782816368957018,[0.45063676 0.70592652],1.7829720035800076,[1.56931114 2.02572268]
36,116.10403409090908,0.5839448531027598,[0.46228054 0.70560917],1.7930980053326036,[1.58769065 2.02507992]
37,119.11368434343434,0.551698716475724,[0.43744766 0.66594977],1.736199825512175,[1.54874924 1.94633822]
38,122.12333459595959,0.4928470714931194,[0.38309445 0.60259969],1.6369701628433673,[1.46681657 1.82686191]
39,125.13298484848484,0.41869376263346864,[0.30791892 0.5294686 ],1.5199748104271553,[1.36059067 1.69802974]
40,128.14263510101011,0.3405426343752953,[0.22442613 0.45665914],1.4057101703040005,[1.25160425 1.57879065]
41,131.15228535353535,0.26966386835701267,[0.14804519 0.39128255],1.3095242042247035,[1.1595653 1.4788763]
42,134.16193560606058,0.21259117941692704,[0.0888132  0.33636916],1.2368788863195936,[1.09287648 1.39985571]
43,137.17158585858584,0.16627910045403146,[0.0437591 0.2887991],1.1809026461978513,[1.04473065 1.33482353]
44,140.1812361111111,0.12652658218410845,[0.00750262 0.24555055],1.1348796183540708,[1.00753083 1.2783249 ]
45,143.19088636363637,0.08913257532293958,[-0.02551152  0.20377667],1.0932255814538772,[0.97481115 1.22602432]
46,146.20053661616163,0.04989603058630578,[-0.06058499  0.16037705],1.0511618020182338,[0.94121377 1.17395343]
47,149.2101868686869,0.004763891165647864,[-0.10258191  0.11210969],1.0047752565357952,[0.90250422 1.11863556]
48,152.2198371212121,-0.04494429826973746,[-0.15135532  0.06146672],0.9560507340300707,[0.85954223 1.06339511]
49,155.22948737373736,-0.09114232833988996,[-0.1997115   0.01742684],0.9128877718514072,[0.81896699 1.01757958]
50,158.23913762626262,-0.12531252472123522,[-0.23821273 -0.01241232],0.8822211435791218,[0.78803503 0.9876644 ]
51,161.24878787878788,-0.13893721309019896,[-0.25588129 -0.02199314],0.8702826691023213,[0.77423388 0.97824695]
52,164.25843813131314,-0.1234987191232077,[-0.24132739 -0.00567005],0.8838227733114322,[0.78558439 0.994346  ]
53,167.2680883838384,-0.07112099274823974,[-0.18477557  0.04253358],0.9313491988110575,[0.83129083 1.0434511 ]
54,170.2777386363636,0.016009422969623047,[-0.09064026  0.12265911],1.0161382604009428,[0.91334622 1.13049898]
55,173.28738888888887,0.12771647978497108,[0.02585489 0.22957807],1.136230812621202,[1.02619203 1.25806908]
56,176.29703914141413,0.25360405233410555,[0.150959   0.35624911],1.2886614607422988,[1.16294897 1.42796322]
57,179.3066893939394,0.3832760152533331,[0.27525749 0.49129454],1.4670829114505741,[1.31686971 1.63443069]
58,182.31633964646466,0.5063362431789564,[0.39282812 0.61984437],1.659201136031119,[1.48116378 1.85863876]
59,185.32598989898992,0.6128730638671943,[0.49821179 0.72753433],1.8457266789300688,[1.64577565 2.06997045]
60,188.33564015151512,0.6969906722658521,[0.58537616 0.80860519],2.0077017747844086,[1.79566631 2.24477476]
61,191.34529040404038,0.7547789257464241,[0.64754175 0.86201611],2.127141215214299,[1.91083773 2.36792988]
62,194.35494065656565,0.7823417941062887,[0.67840519 0.88627839],2.1865868106610895,[1.97073229 2.4260839 ]
63,197.3645909090909,0.7757832471428256,[0.67359883 0.87796767],2.172292903242344,[1.96128296 2.40600493]
64,200.37424116161617,0.731207254653415,[0.63088802 0.83152649],2.077587271180092,[1.87927867 2.29682215]
65,203.38389141414143,0.64739949999898,[0.55091514 0.74388386],1.910565936493694,[1.73483992 2.10409166]
66,206.39354166666664,0.5359473133441497,[0.44384798 0.62804665],1.7090664971347462,[1.55869351 1.87394652]
67,209.4031919191919,0.4122537051876128,[0.32211371 0.5023937 ],1.5102175377530322,[1.38004169 1.65267254]
68,212.41284217171716,0.29172234074328607,[0.19935487 0.38408981],1.3387312549048234,[1.22061505 1.4682773 ]
69,215.42249242424242,0.18975688522508818,[0.09197209 0.28754168],1.208955646946833,[1.09633422 1.33314616]
70,218.43214267676768,0.12175418078668293,[0.01842546 0.22508291],1.1294764206468544,[1.01859625 1.25242655]
71,221.44179292929294,0.09728844053751644,[-0.00916157  0.20373846],1.102178240660112,[0.99088027 1.22597746]
72,224.45144318181815,0.10950053696538782,[0.00217059 0.21683048],1.1157206700383693,[1.00217295 1.24213352]
73,227.4610934343434,0.14865286401346237,[0.04205045 0.25525528],1.1602701477703543,[1.04294709 1.2907911 ]
74,230.47074368686867,0.20500781562490394,[0.1006539  0.30936173],1.2275346588761369,[1.10589383 1.36255516]
75,233.48039393939393,0.2688277857428759,[0.16869021 0.36896536],1.3084297913782894,[1.18375337 1.44623751]
76,236.4900441919192,0.33039894225007194,[0.23663772 0.42416017],1.3915231551231588,[1.26698203 1.52830636]
77,239.49969444444446,0.3819375165358309,[0.29431808 0.46955695],1.4651205364663071,[1.34221076 1.59928548]
78,242.50934469696966,0.4189837171185502,[0.33223448 0.50573295],1.5204155978417053,[1.39407969 1.65820046]
79,245.51899494949492,0.4374064034566658,[0.34400489 0.53080792],1.5486853402558771,[1.41058553 1.70030547]
80,248.5286452020202,0.4330744350086111,[0.32851814 0.53763073],1.5419909945419406,[1.38890844 1.71194599]
81,251.53829545454545,0.40185667123281993,[0.28701671 0.51669664],1.4945970985638857,[1.33244647 1.67648047]
82,254.5479457070707,0.33989412261843394,[0.21993717 0.45985108],1.4047988462659347,[1.24599844 1.58383809]
83,257.557595959596,0.25054458587315637,[0.13042391 0.37066527],1.2847248692291433,[1.13931124 1.44869806]
84,260.5672462121212,0.1449583071386004,[0.02570175 0.26421487],1.1559913726752007,[1.02603489 1.30240801]
85,263.57689646464644,0.03467302884813994,[-0.08588709  0.15523314],1.035281146383636,[0.91769785 1.16793023]
86,266.5865467171717,-0.0687735065648436,[-0.19323708  0.05569007],0.933538096385395,[0.82428653 1.05726995]
87,269.59619696969696,-0.15384355666697427,[-0.28213879 -0.02554832],0.8574061459949404,[0.75416901 0.97477527]
88,272.6058472222222,-0.20973025155452818,[-0.33755937 -0.08190113],0.8108029293038801,[0.71350961 0.92136305]
89,275.61549747474743,-0.23475741134866415,[-0.35616189 -0.11335293],0.7907626564090658,[0.70035923 0.89283549]
90,278.6251477272727,-0.23345550696145073,[-0.34367144 -0.12323958],0.7917928242251817,[0.70916189 0.88405184]
91,281.63479797979795,-0.21047361822036117,[-0.30672427 -0.11422296],0.8102004294005929,[0.73585347 0.89205904]
92,284.6444482323232,-0.17046082495286918,[-0.25237163 -0.08855002],0.8432761243634568,[0.77695595 0.91525733]
93,287.6540984848485,-0.11806620698644872,[-0.18788486 -0.04824756],0.8886372166748016,[0.82871012 0.95289786]
94,290.66374873737374,-0.05795091211448562,[-0.12018765  0.00428583],0.9436962703543217,[0.88675402 1.00429502]
95,293.67339898989894,0.005141164501332864,[-0.05423508  0.06451741],1.0051544029648642,[0.94720941 1.06664415]
96,296.6830492424242,0.06643141910348678,[0.00636338 0.12649945],1.0686876700034142,[1.00638367 1.13484883]
97,299.69269949494947,0.12114112918988985,[0.05861928 0.18366298],1.1287842055271087,[1.06037146 1.20161078]
98,302.7023497474747,0.16449157225845681,[0.09966371 0.22931943],1.178793634941656,[1.10479932 1.25774374]
99,305.712,0.19170402580710388,[0.1264385  0.25696955],1.211311946827957,[1.13477966 1.29300575]
